STATION,NAME,DATE,AWND,PRCP,SNOW,TAVG,TMAX,TMIN
USW00014732,"LAGUARDIA AIRPORT, NY US",2021-01-01,8.05,0.66,0,38,41,35
USW00014732,"LAGUARDIA AIRPORT, NY US",2021-01-02,13.2,0.06,0,43,52,37
USW00014732,"LAGUARDIA AIRPORT, NY US",2021-01-03,15.21,0.16,0.1,39,40,36
USW00014732,"LAGUARDIA AIRPORT, NY US",2021-01-04,7.83,0.01,0,40,44,37
USW00014732,"LAGUARDIA AIRPORT, NY US",2021-01-05,8.28,0,0,40,42,38
USW00014732,"LAGUARDIA AIRPORT, NY US",2021-01-06,14.76,0,0,40,43,37
USW00014732,"LAGUARDIA AIRPORT, NY US",2021-01-07,13.87,0,0,38,44,33
USW00014732,"LAGUARDIA AIRPORT, NY US",2021-01-08,11.18,0,0,34,39,31
USW00014732,"LAGUARDIA AIRPORT, NY US",2021-01-09,14.54,0,0,33,38,28
USW00014732,"LAGUARDIA AIRPORT, NY US",2021-01-10,9.17,0,0,36,43,32
USW00014732,"LAGUARDIA AIRPORT, NY US",2021-01-11,3.13,0,0,34,38,30
USW00014732,"LAGUARDIA AIRPORT, NY US",2021-01-12,6.49,0,0,39,46,34
USW00014732,"LAGUARDIA AIRPORT, NY US",2021-01-13,5.82,0,0,40,45,35
USW00014732,"LAGUARDIA AIRPORT, NY US",2021-01-14,4.47,0,0,44,50,38
USW00014732,"LAGUARDIA AIRPORT, NY US",2021-01-15,11.86,0.36,0,42,49,38
USW00014732,"LAGUARDIA AIRPORT, NY US",2021-01-16,14.32,0.79,0,45,49,40
USW00014732,"LAGUARDIA AIRPORT, NY US",2021-01-17,15.43,0,0,42,46,38
USW00014732,"LAGUARDIA AIRPORT, NY US",2021-01-18,12.75,0,0,44,47,40
USW00014732,"LAGUARDIA AIRPORT, NY US",2021-01-19,14.76,0,0,40,43,38
USW00014732,"LAGUARDIA AIRPORT, NY US",2021-01-20,13.2,0.02,0.2,39,42,29
USW00014732,"LAGUARDIA AIRPORT, NY US",2021-01-21,8.05,0,0,34,45,27
USW00014732,"LAGUARDIA AIRPORT, NY US",2021-01-22,15.43,0,0,43,46,38
USW00014732,"LAGUARDIA AIRPORT, NY US",2021-01-23,20.8,0,0,35,38,27
USW00014732,"LAGUARDIA AIRPORT, NY US",2021-01-24,17.67,0,0,29,34,24
USW00014732,"LAGUARDIA AIRPORT, NY US",2021-01-25,8.5,0,0,31,39,26
USW00014732,"LAGUARDIA AIRPORT, NY US",2021-01-26,10.96,0.07,0.1,35,36,33
USW00014732,"LAGUARDIA AIRPORT, NY US",2021-01-27,11.41,0,0,36,39,33
USW00014732,"LAGUARDIA AIRPORT, NY US",2021-01-28,19.46,0,0,33,35,23
USW00014732,"LAGUARDIA AIRPORT, NY US",2021-01-29,23.94,0,0,23,28,17
USW00014732,"LAGUARDIA AIRPORT, NY US",2021-01-30,13.65,0,0,24,34,19
USW00014732,"LAGUARDIA AIRPORT, NY US",2021-01-31,10.07,0.05,1.5,25,27,21
USW00014732,"LAGUARDIA AIRPORT, NY US",2021-02-01,25.95,0.86,11.7,28,35,25
USW00014732,"LAGUARDIA AIRPORT, NY US",2021-02-02,17.45,0.1,0.9,33,35,30
USW00014732,"LAGUARDIA AIRPORT, NY US",2021-02-03,13.87,0,0.2,33,38,30
USW00014732,"LAGUARDIA AIRPORT, NY US",2021-02-04,11.18,0,0,36,43,33
USW00014732,"LAGUARDIA AIRPORT, NY US",2021-02-05,9.17,0.06,0,41,49,36
USW00014732,"LAGUARDIA AIRPORT, NY US",2021-02-06,13.42,0,0,41,46,33
USW00014732,"LAGUARDIA AIRPORT, NY US",2021-02-07,11.18,0.39,4.4,36,40,27
USW00014732,"LAGUARDIA AIRPORT, NY US",2021-02-08,11.63,0,0,26,31,19
USW00014732,"LAGUARDIA AIRPORT, NY US",2021-02-09,8.95,0.01,0,30,34,24
USW00014732,"LAGUARDIA AIRPORT, NY US",2021-02-10,7.38,0,0,31,36,27
USW00014732,"LAGUARDIA AIRPORT, NY US",2021-02-11,8.95,0.1,1.2,30,33,26
USW00014732,"LAGUARDIA AIRPORT, NY US",2021-02-12,7.38,0,0,27,30,21
USW00014732,"LAGUARDIA AIRPORT, NY US",2021-02-13,10.96,0,0,28,31,26
USW00014732,"LAGUARDIA AIRPORT, NY US",2021-02-14,7.16,0,0,32,39,28
USW00014732,"LAGUARDIA AIRPORT, NY US",2021-02-15,8.05,0.01,0,34,35,32
USW00014732,"LAGUARDIA AIRPORT, NY US",2021-02-16,12.3,0.85,0,40,53,34
USW00014732,"LAGUARDIA AIRPORT, NY US",2021-02-17,11.63,0,0,31,36,23
USW00014732,"LAGUARDIA AIRPORT, NY US",2021-02-18,12.53,0.32,3.1,29,30,25
USW00014732,"LAGUARDIA AIRPORT, NY US",2021-02-19,11.41,0.1,1.1,30,34,28
USW00014732,"LAGUARDIA AIRPORT, NY US",2021-02-20,15.21,0,0,33,36,28
USW00014732,"LAGUARDIA AIRPORT, NY US",2021-02-21,10.29,0,0,31,38,25
USW00014732,"LAGUARDIA AIRPORT, NY US",2021-02-22,10.29,0.56,0.6,35,40,33
USW00014732,"LAGUARDIA AIRPORT, NY US",2021-02-23,13.42,0.01,0,40,46,38
USW00014732,"LAGUARDIA AIRPORT, NY US",2021-02-24,11.41,0,0,46,53,41
USW00014732,"LAGUARDIA AIRPORT, NY US",2021-02-25,16.78,0,0,47,52,41
USW00014732,"LAGUARDIA AIRPORT, NY US",2021-02-26,9.17,0,0,41,47,35
USW00014732,"LAGUARDIA AIRPORT, NY US",2021-02-27,8.28,0.47,0,43,52,37
USW00014732,"LAGUARDIA AIRPORT, NY US",2021-02-28,7.83,0.29,0,43,47,39
USW00014732,"LAGUARDIA AIRPORT, NY US",2021-03-01,15.66,0.15,0,43,49,33
USW00014732,"LAGUARDIA AIRPORT, NY US",2021-03-02,20.8,0,0,31,34,23
USW00014732,"LAGUARDIA AIRPORT, NY US",2021-03-03,9.84,0,0,40,53,33
USW00014732,"LAGUARDIA AIRPORT, NY US",2021-03-04,20.13,0,0,43,45,28
USW00014732,"LAGUARDIA AIRPORT, NY US",2021-03-05,21.25,0,0,31,38,24
USW00014732,"LAGUARDIA AIRPORT, NY US",2021-03-06,16.11,0,0,34,35,30
USW00014732,"LAGUARDIA AIRPORT, NY US",2021-03-07,12.3,0,0,33,41,30
USW00014732,"LAGUARDIA AIRPORT, NY US",2021-03-08,8.05,0,0,35,44,28
USW00014732,"LAGUARDIA AIRPORT, NY US",2021-03-09,10.96,0,0,49,62,42
USW00014732,"LAGUARDIA AIRPORT, NY US",2021-03-10,7.16,0,0,47,55,38
USW00014732,"LAGUARDIA AIRPORT, NY US",2021-03-11,7.83,0,0,53,68,44
USW00014732,"LAGUARDIA AIRPORT, NY US",2021-03-12,15.66,0,0,61,69,52
USW00014732,"LAGUARDIA AIRPORT, NY US",2021-03-13,15.43,0,0,46,52,34
USW00014732,"LAGUARDIA AIRPORT, NY US",2021-03-14,20.8,0,0,47,52,32
USW00014732,"LAGUARDIA AIRPORT, NY US",2021-03-15,17.67,0,0,32,39,25
USW00014732,"LAGUARDIA AIRPORT, NY US",2021-03-16,8.5,0,0,33,36,29
USW00014732,"LAGUARDIA AIRPORT, NY US",2021-03-17,7.16,0,0,39,47,34
USW00014732,"LAGUARDIA AIRPORT, NY US",2021-03-18,8.72,0.55,0,44,47,42
USW00014732,"LAGUARDIA AIRPORT, NY US",2021-03-19,17,0.1,0,39,43,32
USW00014732,"LAGUARDIA AIRPORT, NY US",2021-03-20,6.04,0,0,44,59,35
USW00014732,"LAGUARDIA AIRPORT, NY US",2021-03-21,5.14,0,0,49,62,38
USW00014732,"LAGUARDIA AIRPORT, NY US",2021-03-22,6.71,0,0,48,57,39
USW00014732,"LAGUARDIA AIRPORT, NY US",2021-03-23,7.61,0,0,48,58,42
USW00014732,"LAGUARDIA AIRPORT, NY US",2021-03-24,9.62,1.31,0,48,49,44
USW00014732,"LAGUARDIA AIRPORT, NY US",2021-03-25,5.37,0.02,0,53,67,46
USW00014732,"LAGUARDIA AIRPORT, NY US",2021-03-26,16.11,0.02,0,61,82,52
USW00014732,"LAGUARDIA AIRPORT, NY US",2021-03-27,10.29,0,0,58,68,51
USW00014732,"LAGUARDIA AIRPORT, NY US",2021-03-28,10.96,0.6,0,52,59,45
USW00014732,"LAGUARDIA AIRPORT, NY US",2021-03-29,18.12,0,0,51,55,46
USW00014732,"LAGUARDIA AIRPORT, NY US",2021-03-30,11.86,0,0,50,59,41
USW00014732,"LAGUARDIA AIRPORT, NY US",2021-03-31,10.07,0.37,0,55,66,49
USW00014732,"LAGUARDIA AIRPORT, NY US",2021-04-01,17.9,0.02,0,49,57,39
USW00014732,"LAGUARDIA AIRPORT, NY US",2021-04-02,16.78,0,0,36,39,29
USW00014732,"LAGUARDIA AIRPORT, NY US",2021-04-03,9.84,0,0,41,54,34
USW00014732,"LAGUARDIA AIRPORT, NY US",2021-04-04,7.61,0,0,51,63,46
USW00014732,"LAGUARDIA AIRPORT, NY US",2021-04-05,17.67,0,0,57,67,49
USW00014732,"LAGUARDIA AIRPORT, NY US",2021-04-06,9.62,0,0,57,69,49
USW00014732,"LAGUARDIA AIRPORT, NY US",2021-04-07,5.82,0,0,59,71,51
USW00014732,"LAGUARDIA AIRPORT, NY US",2021-04-08,5.59,0,0,57,70,48
USW00014732,"LAGUARDIA AIRPORT, NY US",2021-04-09,7.16,0,0,53,58,48
USW00014732,"LAGUARDIA AIRPORT, NY US",2021-04-10,6.71,0,0,56,67,50
USW00014732,"LAGUARDIA AIRPORT, NY US",2021-04-11,11.41,0.4,0,54,56,47
USW00014732,"LAGUARDIA AIRPORT, NY US",2021-04-12,9.62,0.49,0,48,51,46
USW00014732,"LAGUARDIA AIRPORT, NY US",2021-04-13,6.71,0.06,0,52,65,45
USW00014732,"LAGUARDIA AIRPORT, NY US",2021-04-14,7.61,0,0,59,72,49
USW00014732,"LAGUARDIA AIRPORT, NY US",2021-04-15,9.62,0.92,0,54,59,45
USW00014732,"LAGUARDIA AIRPORT, NY US",2021-04-16,12.97,0.04,0,47,53,42
USW00014732,"LAGUARDIA AIRPORT, NY US",2021-04-17,8.95,0,0,48,55,44
USW00014732,"LAGUARDIA AIRPORT, NY US",2021-04-18,7.61,0,0,54,63,50
USW00014732,"LAGUARDIA AIRPORT, NY US",2021-04-19,5.82,0,0,58,65,52
USW00014732,"LAGUARDIA AIRPORT, NY US",2021-04-20,10.51,0,0,62,76,52
USW00014732,"LAGUARDIA AIRPORT, NY US",2021-04-21,15.66,0.27,0,58,65,40
USW00014732,"LAGUARDIA AIRPORT, NY US",2021-04-22,19.69,0,0,42,50,37
USW00014732,"LAGUARDIA AIRPORT, NY US",2021-04-23,15.43,0,0,50,65,41
USW00014732,"LAGUARDIA AIRPORT, NY US",2021-04-24,10.51,0,0,61,71,53
USW00014732,"LAGUARDIA AIRPORT, NY US",2021-04-25,9.84,0.5,0,56,64,50
USW00014732,"LAGUARDIA AIRPORT, NY US",2021-04-26,18.34,0,0,53,60,43
USW00014732,"LAGUARDIA AIRPORT, NY US",2021-04-27,6.26,0,0,55,62,49
USW00014732,"LAGUARDIA AIRPORT, NY US",2021-04-28,6.71,0.03,0,60,83,51
USW00014732,"LAGUARDIA AIRPORT, NY US",2021-04-29,8.5,0,0,65,72,60
USW00014732,"LAGUARDIA AIRPORT, NY US",2021-04-30,22.82,0.02,0,66,72,47
USW00014732,"LAGUARDIA AIRPORT, NY US",2021-05-01,16.55,0,0,53,65,44
USW00014732,"LAGUARDIA AIRPORT, NY US",2021-05-02,11.18,0,0,67,83,58
USW00014732,"LAGUARDIA AIRPORT, NY US",2021-05-03,8.28,0.33,0,60,62,52
USW00014732,"LAGUARDIA AIRPORT, NY US",2021-05-04,8.5,0.3,0,58,69,51
USW00014732,"LAGUARDIA AIRPORT, NY US",2021-05-05,9.84,0.29,0,55,61,51
USW00014732,"LAGUARDIA AIRPORT, NY US",2021-05-06,13.65,0,0,58,66,52
USW00014732,"LAGUARDIA AIRPORT, NY US",2021-05-07,10.51,0,0,58,62,51
USW00014732,"LAGUARDIA AIRPORT, NY US",2021-05-08,7.61,0.04,0,53,55,50
USW00014732,"LAGUARDIA AIRPORT, NY US",2021-05-09,10.29,0.45,0,54,64,48
USW00014732,"LAGUARDIA AIRPORT, NY US",2021-05-10,10.29,0.02,0,53,60,48
USW00014732,"LAGUARDIA AIRPORT, NY US",2021-05-11,12.75,0,0,58,68,52
USW00014732,"LAGUARDIA AIRPORT, NY US",2021-05-12,12.97,0,0,57,68,48
USW00014732,"LAGUARDIA AIRPORT, NY US",2021-05-13,7.61,0,0,62,71,54
USW00014732,"LAGUARDIA AIRPORT, NY US",2021-05-14,7.83,0,0,66,76,56
USW00014732,"LAGUARDIA AIRPORT, NY US",2021-05-15,6.26,0,0,68,77,57
USW00014732,"LAGUARDIA AIRPORT, NY US",2021-05-16,6.93,0,0,69,79,61
USW00014732,"LAGUARDIA AIRPORT, NY US",2021-05-17,6.71,0,0,68,78,59
USW00014732,"LAGUARDIA AIRPORT, NY US",2021-05-18,8.28,0,0,72,83,62
USW00014732,"LAGUARDIA AIRPORT, NY US",2021-05-19,8.5,0,0,77,86,66
USW00014732,"LAGUARDIA AIRPORT, NY US",2021-05-20,8.5,0,0,69,76,60
USW00014732,"LAGUARDIA AIRPORT, NY US",2021-05-21,8.5,0,0,67,77,60
USW00014732,"LAGUARDIA AIRPORT, NY US",2021-05-22,7.83,0,0,73,88,62
USW00014732,"LAGUARDIA AIRPORT, NY US",2021-05-23,14.99,0,0,80,88,68
USW00014732,"LAGUARDIA AIRPORT, NY US",2021-05-24,12.08,0,0,67,69,59
USW00014732,"LAGUARDIA AIRPORT, NY US",2021-05-25,11.41,0,0,64,72,59
USW00014732,"LAGUARDIA AIRPORT, NY US",2021-05-26,10.29,0.07,0,73,86,66
USW00014732,"LAGUARDIA AIRPORT, NY US",2021-05-27,12.3,0.01,0,75,83,66
USW00014732,"LAGUARDIA AIRPORT, NY US",2021-05-28,16.55,1.14,0,64,68,51
USW00014732,"LAGUARDIA AIRPORT, NY US",2021-05-29,19.01,0.46,0,51,52,48
USW00014732,"LAGUARDIA AIRPORT, NY US",2021-05-30,12.75,0.81,0,50,52,48
USW00014732,"LAGUARDIA AIRPORT, NY US",2021-05-31,8.95,0.01,0,56,71,50
USW00014732,"LAGUARDIA AIRPORT, NY US",2021-06-01,6.04,0,0,66,79,56
USW00014732,"LAGUARDIA AIRPORT, NY US",2021-06-02,8.28,0,0,69,76,62
USW00014732,"LAGUARDIA AIRPORT, NY US",2021-06-03,6.26,0.31,0,65,76,61
USW00014732,"LAGUARDIA AIRPORT, NY US",2021-06-04,6.49,0.67,0,71,80,64
USW00014732,"LAGUARDIA AIRPORT, NY US",2021-06-05,8.28,0,0,78,94,66
USW00014732,"LAGUARDIA AIRPORT, NY US",2021-06-06,9.62,0,0,87,95,76
USW00014732,"LAGUARDIA AIRPORT, NY US",2021-06-07,7.83,0,0,84,93,76
USW00014732,"LAGUARDIA AIRPORT, NY US",2021-06-08,6.26,0.47,0,80,92,72
USW00014732,"LAGUARDIA AIRPORT, NY US",2021-06-09,4.92,0,0,80,91,74
USW00014732,"LAGUARDIA AIRPORT, NY US",2021-06-10,9.84,0,0,78,81,65
USW00014732,"LAGUARDIA AIRPORT, NY US",2021-06-11,8.95,0,0,65,68,62
USW00014732,"LAGUARDIA AIRPORT, NY US",2021-06-12,8.5,0,0,66,71,63
USW00014732,"LAGUARDIA AIRPORT, NY US",2021-06-13,7.38,0,0,68,77,63
USW00014732,"LAGUARDIA AIRPORT, NY US",2021-06-14,9.4,0.1,0,69,74,66
USW00014732,"LAGUARDIA AIRPORT, NY US",2021-06-15,9.84,0,0,73,83,67
USW00014732,"LAGUARDIA AIRPORT, NY US",2021-06-16,12.53,0,0,70,77,64
USW00014732,"LAGUARDIA AIRPORT, NY US",2021-06-17,6.71,0,0,70,79,62
USW00014732,"LAGUARDIA AIRPORT, NY US",2021-06-18,10.51,0,0,76,86,66
USW00014732,"LAGUARDIA AIRPORT, NY US",2021-06-19,9.17,0.11,0,79,91,68
USW00014732,"LAGUARDIA AIRPORT, NY US",2021-06-20,8.28,0,0,77,87,69
USW00014732,"LAGUARDIA AIRPORT, NY US",2021-06-21,11.86,0,0,80,87,74
USW00014732,"LAGUARDIA AIRPORT, NY US",2021-06-22,11.41,0.17,0,74,80,61
USW00014732,"LAGUARDIA AIRPORT, NY US",2021-06-23,10.29,0,0,66,77,58
USW00014732,"LAGUARDIA AIRPORT, NY US",2021-06-24,8.5,0,0,70,78,63
USW00014732,"LAGUARDIA AIRPORT, NY US",2021-06-25,9.4,0,0,70,82,64
USW00014732,"LAGUARDIA AIRPORT, NY US",2021-06-26,11.41,0,0,76,85,69
USW00014732,"LAGUARDIA AIRPORT, NY US",2021-06-27,12.08,0,0,80,89,74
USW00014732,"LAGUARDIA AIRPORT, NY US",2021-06-28,11.41,0,0,85,96,77
USW00014732,"LAGUARDIA AIRPORT, NY US",2021-06-29,10.51,0,0,89,98,81
USW00014732,"LAGUARDIA AIRPORT, NY US",2021-06-30,11.41,0.61,0,91,100,73
USW00014732,"LAGUARDIA AIRPORT, NY US",2021-07-01,6.04,0.72,0,80,86,73
USW00014732,"LAGUARDIA AIRPORT, NY US",2021-07-02,8.95,0.86,0,74,78,63
USW00014732,"LAGUARDIA AIRPORT, NY US",2021-07-03,11.18,0.19,0,64,67,60
USW00014732,"LAGUARDIA AIRPORT, NY US",2021-07-04,6.04,0,0,68,79,62
USW00014732,"LAGUARDIA AIRPORT, NY US",2021-07-05,10.07,0,0,74,84,67
USW00014732,"LAGUARDIA AIRPORT, NY US",2021-07-06,12.53,0.21,0,84,96,73
USW00014732,"LAGUARDIA AIRPORT, NY US",2021-07-07,7.61,0,0,82,96,74
USW00014732,"LAGUARDIA AIRPORT, NY US",2021-07-08,10.07,0.95,0,79,85,72
USW00014732,"LAGUARDIA AIRPORT, NY US",2021-07-09,10.96,1.81,0,77,89,72
USW00014732,"LAGUARDIA AIRPORT, NY US",2021-07-10,6.93,0.06,0,76,81,72
USW00014732,"LAGUARDIA AIRPORT, NY US",2021-07-11,8.28,0,0,75,82,72
USW00014732,"LAGUARDIA AIRPORT, NY US",2021-07-12,9.17,0.6,0,77,82,73
USW00014732,"LAGUARDIA AIRPORT, NY US",2021-07-13,9.4,0.01,0,71,73,69
USW00014732,"LAGUARDIA AIRPORT, NY US",2021-07-14,6.93,0,0,76,91,70
USW00014732,"LAGUARDIA AIRPORT, NY US",2021-07-15,8.05,0,0,82,91,76
USW00014732,"LAGUARDIA AIRPORT, NY US",2021-07-16,6.71,0,0,87,95,81
USW00014732,"LAGUARDIA AIRPORT, NY US",2021-07-17,7.16,0.53,0,84,91,74
USW00014732,"LAGUARDIA AIRPORT, NY US",2021-07-18,10.29,0.08,0,79,86,74
USW00014732,"LAGUARDIA AIRPORT, NY US",2021-07-19,7.16,0.01,0,76,82,71
USW00014732,"LAGUARDIA AIRPORT, NY US",2021-07-20,6.49,0,0,81,89,75
USW00014732,"LAGUARDIA AIRPORT, NY US",2021-07-21,7.38,0.16,0,80,83,72
USW00014732,"LAGUARDIA AIRPORT, NY US",2021-07-22,10.07,0,0,76,83,68
USW00014732,"LAGUARDIA AIRPORT, NY US",2021-07-23,7.61,0,0,76,83,70
USW00014732,"LAGUARDIA AIRPORT, NY US",2021-07-24,9.17,0,0,76,83,70
USW00014732,"LAGUARDIA AIRPORT, NY US",2021-07-25,10.29,0.44,0,77,84,68
USW00014732,"LAGUARDIA AIRPORT, NY US",2021-07-26,6.04,1.38,0,82,90,72
USW00014732,"LAGUARDIA AIRPORT, NY US",2021-07-27,7.38,0,0,83,91,74
USW00014732,"LAGUARDIA AIRPORT, NY US",2021-07-28,8.72,0.2,0,77,82,71
USW00014732,"LAGUARDIA AIRPORT, NY US",2021-07-29,13.65,0.26,0,76,80,73
USW00014732,"LAGUARDIA AIRPORT, NY US",2021-07-30,15.21,0,0,77,85,68
USW00014732,"LAGUARDIA AIRPORT, NY US",2021-07-31,8.28,0,0,71,79,64
USW00014732,"LAGUARDIA AIRPORT, NY US",2021-08-01,8.72,0.09,0,74,78,68
USW00014732,"LAGUARDIA AIRPORT, NY US",2021-08-02,10.96,0,0,72,81,64
USW00014732,"LAGUARDIA AIRPORT, NY US",2021-08-03,4.7,0,0,74,79,68
USW00014732,"LAGUARDIA AIRPORT, NY US",2021-08-04,7.38,0,0,73,75,70
USW00014732,"LAGUARDIA AIRPORT, NY US",2021-08-05,8.5,0,0,73,81,69
USW00014732,"LAGUARDIA AIRPORT, NY US",2021-08-06,8.05,0,0,79,89,71
USW00014732,"LAGUARDIA AIRPORT, NY US",2021-08-07,9.17,0,0,81,89,75
USW00014732,"LAGUARDIA AIRPORT, NY US",2021-08-08,10.07,0.32,0,74,79,67
USW00014732,"LAGUARDIA AIRPORT, NY US",2021-08-09,8.95,0.02,0,74,80,70
USW00014732,"LAGUARDIA AIRPORT, NY US",2021-08-10,7.16,0.4,0,77,85,73
USW00014732,"LAGUARDIA AIRPORT, NY US",2021-08-11,8.72,0.07,0,81,92,76
USW00014732,"LAGUARDIA AIRPORT, NY US",2021-08-12,8.05,0,0,85,98,77
USW00014732,"LAGUARDIA AIRPORT, NY US",2021-08-13,6.26,0,0,88,98,79
USW00014732,"LAGUARDIA AIRPORT, NY US",2021-08-14,9.4,0,0,87,91,77
USW00014732,"LAGUARDIA AIRPORT, NY US",2021-08-15,8.28,0,0,78,84,71
USW00014732,"LAGUARDIA AIRPORT, NY US",2021-08-16,8.5,0,0,76,82,71
USW00014732,"LAGUARDIA AIRPORT, NY US",2021-08-17,10.51,0,0,77,82,75
USW00014732,"LAGUARDIA AIRPORT, NY US",2021-08-18,9.62,0,0,78,86,76
USW00014732,"LAGUARDIA AIRPORT, NY US",2021-08-19,13.87,0.29,0,82,89,77
USW00014732,"LAGUARDIA AIRPORT, NY US",2021-08-20,7.16,0.09,0,80,83,77
USW00014732,"LAGUARDIA AIRPORT, NY US",2021-08-21,8.05,1.18,0,79,84,75
USW00014732,"LAGUARDIA AIRPORT, NY US",2021-08-22,10.96,2.3,0,75,77,72
USW00014732,"LAGUARDIA AIRPORT, NY US",2021-08-23,11.41,0.81,0,77,85,73
USW00014732,"LAGUARDIA AIRPORT, NY US",2021-08-24,7.61,0,0,82,92,76
USW00014732,"LAGUARDIA AIRPORT, NY US",2021-08-25,4.47,0,0,84,94,75
USW00014732,"LAGUARDIA AIRPORT, NY US",2021-08-26,6.04,0,0,87,94,81
USW00014732,"LAGUARDIA AIRPORT, NY US",2021-08-27,3.8,1.34,0,85,93,76
USW00014732,"LAGUARDIA AIRPORT, NY US",2021-08-28,12.3,0,0,77,81,68
USW00014732,"LAGUARDIA AIRPORT, NY US",2021-08-29,7.16,0,0,71,76,68
USW00014732,"LAGUARDIA AIRPORT, NY US",2021-08-30,8.05,0,0,78,87,74
USW00014732,"LAGUARDIA AIRPORT, NY US",2021-08-31,7.16,0,0,81,87,76
USW00014732,"LAGUARDIA AIRPORT, NY US",2021-09-01,15.43,6.8,0,76,80,65
USW00014732,"LAGUARDIA AIRPORT, NY US",2021-09-02,14.32,0.09,0,69,78,63
USW00014732,"LAGUARDIA AIRPORT, NY US",2021-09-03,8.5,0,0,69,76,62
USW00014732,"LAGUARDIA AIRPORT, NY US",2021-09-04,6.93,0,0,72,81,65
USW00014732,"LAGUARDIA AIRPORT, NY US",2021-09-05,9.62,0.05,0,73,76,69
USW00014732,"LAGUARDIA AIRPORT, NY US",2021-09-06,9.84,0,0,76,85,71
USW00014732,"LAGUARDIA AIRPORT, NY US",2021-09-07,8.95,0,0,75,83,68
USW00014732,"LAGUARDIA AIRPORT, NY US",2021-09-08,14.09,0,0,77,86,73
USW00014732,"LAGUARDIA AIRPORT, NY US",2021-09-09,5.82,0.29,0,72,77,68
USW00014732,"LAGUARDIA AIRPORT, NY US",2021-09-10,14.09,0,0,71,76,66
USW00014732,"LAGUARDIA AIRPORT, NY US",2021-09-11,8.28,0,0,72,80,64
USW00014732,"LAGUARDIA AIRPORT, NY US",2021-09-12,12.53,0,0,75,85,68
USW00014732,"LAGUARDIA AIRPORT, NY US",2021-09-13,12.3,0.03,0,81,86,71
USW00014732,"LAGUARDIA AIRPORT, NY US",2021-09-14,7.61,0,0,75,81,70
USW00014732,"LAGUARDIA AIRPORT, NY US",2021-09-15,8.28,0,0,78,88,73
USW00014732,"LAGUARDIA AIRPORT, NY US",2021-09-16,12.08,0,0,75,77,72
USW00014732,"LAGUARDIA AIRPORT, NY US",2021-09-17,12.75,0,0,73,75,70
USW00014732,"LAGUARDIA AIRPORT, NY US",2021-09-18,6.93,0,0,76,86,70
USW00014732,"LAGUARDIA AIRPORT, NY US",2021-09-19,7.61,0,0,74,78,67
USW00014732,"LAGUARDIA AIRPORT, NY US",2021-09-20,6.93,0,0,71,76,64
USW00014732,"LAGUARDIA AIRPORT, NY US",2021-09-21,8.5,0.01,0,70,77,64
USW00014732,"LAGUARDIA AIRPORT, NY US",2021-09-22,12.75,0,0,74,83,72
USW00014732,"LAGUARDIA AIRPORT, NY US",2021-09-23,14.32,1.11,0,78,83,65
USW00014732,"LAGUARDIA AIRPORT, NY US",2021-09-24,8.5,0.27,0,68,76,60
USW00014732,"LAGUARDIA AIRPORT, NY US",2021-09-25,4.92,0,0,69,77,63
USW00014732,"LAGUARDIA AIRPORT, NY US",2021-09-26,12.75,0,0,69,74,64
USW00014732,"LAGUARDIA AIRPORT, NY US",2021-09-27,12.75,0,0,72,82,65
USW00014732,"LAGUARDIA AIRPORT, NY US",2021-09-28,10.07,0.1,0,72,75,63
USW00014732,"LAGUARDIA AIRPORT, NY US",2021-09-29,10.29,0,0,64,70,56
USW00014732,"LAGUARDIA AIRPORT, NY US",2021-09-30,9.17,0,0,63,68,58
USW00014732,"LAGUARDIA AIRPORT, NY US",2021-10-01,7.61,0,0,61,70,54
USW00014732,"LAGUARDIA AIRPORT, NY US",2021-10-02,7.38,0,0,67,77,59
USW00014732,"LAGUARDIA AIRPORT, NY US",2021-10-03,5.59,0,0,72,81,63
USW00014732,"LAGUARDIA AIRPORT, NY US",2021-10-04,10.29,0.11,0,71,74,63
USW00014732,"LAGUARDIA AIRPORT, NY US",2021-10-05,8.28,0,0,63,66,61
USW00014732,"LAGUARDIA AIRPORT, NY US",2021-10-06,4.25,0,0,65,71,62
USW00014732,"LAGUARDIA AIRPORT, NY US",2021-10-07,4.03,0,0,69,78,64
USW00014732,"LAGUARDIA AIRPORT, NY US",2021-10-08,7.16,0,0,69,76,65
USW00014732,"LAGUARDIA AIRPORT, NY US",2021-10-09,14.09,0,0,66,70,61
USW00014732,"LAGUARDIA AIRPORT, NY US",2021-10-10,17,0.11,0,65,69,63
USW00014732,"LAGUARDIA AIRPORT, NY US",2021-10-11,12.97,0,0,67,73,64
USW00014732,"LAGUARDIA AIRPORT, NY US",2021-10-12,6.26,0,0,67,71,63
USW00014732,"LAGUARDIA AIRPORT, NY US",2021-10-13,4.25,0,0,68,71,65
USW00014732,"LAGUARDIA AIRPORT, NY US",2021-10-14,6.71,0,0,71,79,66
USW00014732,"LAGUARDIA AIRPORT, NY US",2021-10-15,5.37,0,0,72,83,67
USW00014732,"LAGUARDIA AIRPORT, NY US",2021-10-16,13.42,0.16,0,72,77,60
USW00014732,"LAGUARDIA AIRPORT, NY US",2021-10-17,14.99,0.01,0,60,65,55
USW00014732,"LAGUARDIA AIRPORT, NY US",2021-10-18,14.99,0,0,56,62,52
USW00014732,"LAGUARDIA AIRPORT, NY US",2021-10-19,13.2,0,0,57,69,51
USW00014732,"LAGUARDIA AIRPORT, NY US",2021-10-20,10.51,0,0,68,80,60
USW00014732,"LAGUARDIA AIRPORT, NY US",2021-10-21,8.5,0,0,70,77,62
USW00014732,"LAGUARDIA AIRPORT, NY US",2021-10-22,10.29,0,0,67,72,59
USW00014732,"LAGUARDIA AIRPORT, NY US",2021-10-23,8.28,0,0,58,61,51
USW00014732,"LAGUARDIA AIRPORT, NY US",2021-10-24,6.71,0.03,0,56,61,51
USW00014732,"LAGUARDIA AIRPORT, NY US",2021-10-25,8.5,0.4,0,65,75,58
USW00014732,"LAGUARDIA AIRPORT, NY US",2021-10-26,15.66,2.48,0,63,64,57
USW00014732,"LAGUARDIA AIRPORT, NY US",2021-10-27,16.11,0.14,0,59,62,55
USW00014732,"LAGUARDIA AIRPORT, NY US",2021-10-28,9.4,0,0,55,59,50
USW00014732,"LAGUARDIA AIRPORT, NY US",2021-10-29,17,0.34,0,54,58,49
USW00014732,"LAGUARDIA AIRPORT, NY US",2021-10-30,10.74,0.16,0,60,68,56
USW00014732,"LAGUARDIA AIRPORT, NY US",2021-10-31,10.74,0.06,0,61,67,57
USW00014732,"LAGUARDIA AIRPORT, NY US",2021-11-01,12.3,0,0,59,62,54
USW00014732,"LAGUARDIA AIRPORT, NY US",2021-11-02,7.61,0,0,54,55,48
USW00014732,"LAGUARDIA AIRPORT, NY US",2021-11-03,11.18,0,0,49,55,45
USW00014732,"LAGUARDIA AIRPORT, NY US",2021-11-04,6.93,0,0,47,52,42
USW00014732,"LAGUARDIA AIRPORT, NY US",2021-11-05,8.05,0,0,48,53,42
USW00014732,"LAGUARDIA AIRPORT, NY US",2021-11-06,5.14,0,0,49,54,44
USW00014732,"LAGUARDIA AIRPORT, NY US",2021-11-07,4.47,0,0,49,57,43
USW00014732,"LAGUARDIA AIRPORT, NY US",2021-11-08,6.04,0,0,56,66,49
USW00014732,"LAGUARDIA AIRPORT, NY US",2021-11-09,3.36,0,0,60,72,51
USW00014732,"LAGUARDIA AIRPORT, NY US",2021-11-10,8.5,0,0,62,66,53
USW00014732,"LAGUARDIA AIRPORT, NY US",2021-11-11,8.95,0,0,54,62,46
USW00014732,"LAGUARDIA AIRPORT, NY US",2021-11-12,13.65,0.35,0,63,69,56
USW00014732,"LAGUARDIA AIRPORT, NY US",2021-11-13,13.2,0.23,0,55,64,43
USW00014732,"LAGUARDIA AIRPORT, NY US",2021-11-14,10.51,0.01,0,45,49,42
USW00014732,"LAGUARDIA AIRPORT, NY US",2021-11-15,13.2,0.01,0,46,50,42
USW00014732,"LAGUARDIA AIRPORT, NY US",2021-11-16,12.3,0,0,45,51,40
USW00014732,"LAGUARDIA AIRPORT, NY US",2021-11-17,6.93,0,0,49,58,40
USW00014732,"LAGUARDIA AIRPORT, NY US",2021-11-18,9.4,0.05,0,59,70,49
USW00014732,"LAGUARDIA AIRPORT, NY US",2021-11-19,16.78,0.03,0,50,50,42
USW00014732,"LAGUARDIA AIRPORT, NY US",2021-11-20,6.93,0,0,43,48,39
USW00014732,"LAGUARDIA AIRPORT, NY US",2021-11-21,8.72,0,0,50,57,47
USW00014732,"LAGUARDIA AIRPORT, NY US",2021-11-22,13.2,0.04,0,52,57,38
USW00014732,"LAGUARDIA AIRPORT, NY US",2021-11-23,17.45,0,0,39,44,35
USW00014732,"LAGUARDIA AIRPORT, NY US",2021-11-24,11.86,0,0,38,47,33
USW00014732,"LAGUARDIA AIRPORT, NY US",2021-11-25,6.04,0,0,47,57,41
USW00014732,"LAGUARDIA AIRPORT, NY US",2021-11-26,16.11,0.08,0,48,51,38
USW00014732,"LAGUARDIA AIRPORT, NY US",2021-11-27,17.67,0,0,39,42,36
USW00014732,"LAGUARDIA AIRPORT, NY US",2021-11-28,5.14,0,0,37,44,34
USW00014732,"LAGUARDIA AIRPORT, NY US",2021-11-29,13.2,0.01,0,42,43,35
USW00014732,"LAGUARDIA AIRPORT, NY US",2021-11-30,9.4,0,0,38,43,34
USW00014732,"LAGUARDIA AIRPORT, NY US",2021-12-01,9.84,0,0,45,50,43
USW00014732,"LAGUARDIA AIRPORT, NY US",2021-12-02,12.3,0.04,0,52,60,46
USW00014732,"LAGUARDIA AIRPORT, NY US",2021-12-03,17.45,0,0,49,50,40
USW00014732,"LAGUARDIA AIRPORT, NY US",2021-12-04,6.93,0,0,43,49,39
USW00014732,"LAGUARDIA AIRPORT, NY US",2021-12-05,7.16,0,0,45,49,42
USW00014732,"LAGUARDIA AIRPORT, NY US",2021-12-06,14.32,0.44,0,51,61,46
USW00014732,"LAGUARDIA AIRPORT, NY US",2021-12-07,10.96,0,0,45,45,39
USW00014732,"LAGUARDIA AIRPORT, NY US",2021-12-08,9.17,0.04,0,40,43,36
USW00014732,"LAGUARDIA AIRPORT, NY US",2021-12-09,11.41,0,0,37,40,34
USW00014732,"LAGUARDIA AIRPORT, NY US",2021-12-10,6.71,0,0,44,51,40
USW00014732,"LAGUARDIA AIRPORT, NY US",2021-12-11,10.51,0.14,0,51,67,45
USW00014732,"LAGUARDIA AIRPORT, NY US",2021-12-12,16.78,0,0,51,59,44
USW00014732,"LAGUARDIA AIRPORT, NY US",2021-12-13,11.86,0,0,47,54,42
USW00014732,"LAGUARDIA AIRPORT, NY US",2021-12-14,9.17,0,0,50,54,44
USW00014732,"LAGUARDIA AIRPORT, NY US",2021-12-15,7.83,0,0,47,55,40
USW00014732,"LAGUARDIA AIRPORT, NY US",2021-12-16,11.41,0,0,56,63,55
USW00014732,"LAGUARDIA AIRPORT, NY US",2021-12-17,12.3,0,0,59,62,50
USW00014732,"LAGUARDIA AIRPORT, NY US",2021-12-18,7.61,0.09,0,46,50,40
USW00014732,"LAGUARDIA AIRPORT, NY US",2021-12-19,15.88,0.01,0,42,45,31
USW00014732,"LAGUARDIA AIRPORT, NY US",2021-12-20,8.5,0,0,32,38,27
USW00014732,"LAGUARDIA AIRPORT, NY US",2021-12-21,6.04,0,0,37,43,33
USW00014732,"LAGUARDIA AIRPORT, NY US",2021-12-22,16.11,0.16,0,43,48,35
USW00014732,"LAGUARDIA AIRPORT, NY US",2021-12-23,14.09,0,0,35,37,32
USW00014732,"LAGUARDIA AIRPORT, NY US",2021-12-24,7.83,0.02,0.6,35,39,31
USW00014732,"LAGUARDIA AIRPORT, NY US",2021-12-25,5.59,0.16,0,40,51,36
USW00014732,"LAGUARDIA AIRPORT, NY US",2021-12-26,19.01,0,0,48,52,41
USW00014732,"LAGUARDIA AIRPORT, NY US",2021-12-27,8.5,0.08,0,39,41,35
USW00014732,"LAGUARDIA AIRPORT, NY US",2021-12-28,6.49,0.05,0,41,48,37
USW00014732,"LAGUARDIA AIRPORT, NY US",2021-12-29,8.05,0.16,0,43,44,42
USW00014732,"LAGUARDIA AIRPORT, NY US",2021-12-30,5.59,0.05,0,45,49,43
USW00014732,"LAGUARDIA AIRPORT, NY US",2021-12-31,6.49,0,0,50,55,48
USW00014732,"LAGUARDIA AIRPORT, NY US",2022-01-01,6.26,0.76,0,53,57,50
USW00014732,"LAGUARDIA AIRPORT, NY US",2022-01-02,9.62,0.04,0,53,60,39
USW00014732,"LAGUARDIA AIRPORT, NY US",2022-01-03,14.32,0,0,35,39,24
USW00014732,"LAGUARDIA AIRPORT, NY US",2022-01-04,8.72,0,0,27,36,21
USW00014732,"LAGUARDIA AIRPORT, NY US",2022-01-05,7.61,0.24,0,38,48,32
USW00014732,"LAGUARDIA AIRPORT, NY US",2022-01-06,11.18,0,0,41,43,36
USW00014732,"LAGUARDIA AIRPORT, NY US",2022-01-07,18.57,0.33,9.7,33,36,28
USW00014732,"LAGUARDIA AIRPORT, NY US",2022-01-08,10.74,0,0,27,32,23
USW00014732,"LAGUARDIA AIRPORT, NY US",2022-01-09,10.96,0.11,0,35,42,30
USW00014732,"LAGUARDIA AIRPORT, NY US",2022-01-10,16.78,0,0,35,42,26
USW00014732,"LAGUARDIA AIRPORT, NY US",2022-01-11,14.32,0,0,22,26,17
USW00014732,"LAGUARDIA AIRPORT, NY US",2022-01-12,9.84,0,0,29,42,20
USW00014732,"LAGUARDIA AIRPORT, NY US",2022-01-13,5.82,0,0,39,46,33
USW00014732,"LAGUARDIA AIRPORT, NY US",2022-01-14,17,0,0,41,43,22
USW00014732,"LAGUARDIA AIRPORT, NY US",2022-01-15,12.97,0,0,20,22,13
USW00014732,"LAGUARDIA AIRPORT, NY US",2022-01-16,12.3,0.36,0.6,18,40,10
USW00014732,"LAGUARDIA AIRPORT, NY US",2022-01-17,19.24,1.06,0,39,46,35
USW00014732,"LAGUARDIA AIRPORT, NY US",2022-01-18,18.79,0,0,35,38,31
USW00014732,"LAGUARDIA AIRPORT, NY US",2022-01-19,10.51,0,0,38,51,29
USW00014732,"LAGUARDIA AIRPORT, NY US",2022-01-20,12.08,0.25,0.3,41,47,23
USW00014732,"LAGUARDIA AIRPORT, NY US",2022-01-21,13.87,0,0,21,23,15
USW00014732,"LAGUARDIA AIRPORT, NY US",2022-01-22,7.61,0,0,21,30,14
USW00014732,"LAGUARDIA AIRPORT, NY US",2022-01-23,9.4,0.01,0.2,31,38,26
USW00014732,"LAGUARDIA AIRPORT, NY US",2022-01-24,8.05,0,0.2,32,38,28
USW00014732,"LAGUARDIA AIRPORT, NY US",2022-01-25,10.51,0,0,38,43,30
USW00014732,"LAGUARDIA AIRPORT, NY US",2022-01-26,12.53,0,0,28,30,21
USW00014732,"LAGUARDIA AIRPORT, NY US",2022-01-27,8.28,0,0,24,32,18
USW00014732,"LAGUARDIA AIRPORT, NY US",2022-01-28,7.83,0.11,1.3,32,35,30
USW00014732,"LAGUARDIA AIRPORT, NY US",2022-01-29,22.82,0.49,8.1,23,30,15
USW00014732,"LAGUARDIA AIRPORT, NY US",2022-01-30,13.65,0,0,19,27,14
USW00014732,"LAGUARDIA AIRPORT, NY US",2022-01-31,6.49,0,0,26,30,19
USW00014732,"LAGUARDIA AIRPORT, NY US",2022-02-01,7.61,0,0,29,37,24
USW00014732,"LAGUARDIA AIRPORT, NY US",2022-02-02,5.14,0,0,36,42,31
USW00014732,"LAGUARDIA AIRPORT, NY US",2022-02-03,5.82,0.42,0,44,48,39
USW00014732,"LAGUARDIA AIRPORT, NY US",2022-02-04,11.86,0.74,0,42,55,28
USW00014732,"LAGUARDIA AIRPORT, NY US",2022-02-05,17.67,0,0,27,29,21
USW00014732,"LAGUARDIA AIRPORT, NY US",2022-02-06,7.16,0,0,23,32,17
USW00014732,"LAGUARDIA AIRPORT, NY US",2022-02-07,6.93,0.15,0,33,40,31
USW00014732,"LAGUARDIA AIRPORT, NY US",2022-02-08,12.75,0.08,0,39,47,34
USW00014732,"LAGUARDIA AIRPORT, NY US",2022-02-09,8.28,0,0,37,44,31
USW00014732,"LAGUARDIA AIRPORT, NY US",2022-02-10,9.84,0,0,43,56,34
USW00014732,"LAGUARDIA AIRPORT, NY US",2022-02-11,11.18,0,0,47,56,37
USW00014732,"LAGUARDIA AIRPORT, NY US",2022-02-12,13.2,0,0,53,60,42
USW00014732,"LAGUARDIA AIRPORT, NY US",2022-02-13,10.51,0.19,2.4,37,42,26
USW00014732,"LAGUARDIA AIRPORT, NY US",2022-02-14,17.67,0,0,24,27,18
USW00014732,"LAGUARDIA AIRPORT, NY US",2022-02-15,10.96,0,0,24,32,18
USW00014732,"LAGUARDIA AIRPORT, NY US",2022-02-16,10.07,0,0,35,47,27
USW00014732,"LAGUARDIA AIRPORT, NY US",2022-02-17,12.53,0.3,0,53,63,47
USW00014732,"LAGUARDIA AIRPORT, NY US",2022-02-18,20.36,0.25,0,50,63,28
USW00014732,"LAGUARDIA AIRPORT, NY US",2022-02-19,17,0,0,32,41,25
USW00014732,"LAGUARDIA AIRPORT, NY US",2022-02-20,12.97,0,0,27,36,22
USW00014732,"LAGUARDIA AIRPORT, NY US",2022-02-21,7.61,0,0,39,54,33
USW00014732,"LAGUARDIA AIRPORT, NY US",2022-02-22,10.07,0.23,0,42,56,36
USW00014732,"LAGUARDIA AIRPORT, NY US",2022-02-23,14.32,0,0,58,68,36
USW00014732,"LAGUARDIA AIRPORT, NY US",2022-02-24,10.74,0,0,34,36,29
USW00014732,"LAGUARDIA AIRPORT, NY US",2022-02-25,14.76,0.82,0.3,33,43,27
USW00014732,"LAGUARDIA AIRPORT, NY US",2022-02-26,11.18,0,0,30,38,24
USW00014732,"LAGUARDIA AIRPORT, NY US",2022-02-27,16.11,0,0,36,48,30
USW00014732,"LAGUARDIA AIRPORT, NY US",2022-02-28,11.63,0,0,33,36,27
USW00014732,"LAGUARDIA AIRPORT, NY US",2022-03-01,9.4,0,0,37,48,31
USW00014732,"LAGUARDIA AIRPORT, NY US",2022-03-02,10.51,0,0,46,53,40
USW00014732,"LAGUARDIA AIRPORT, NY US",2022-03-03,18.34,0.03,0,42,48,25
USW00014732,"LAGUARDIA AIRPORT, NY US",2022-03-04,9.4,0,0,29,38,22
USW00014732,"LAGUARDIA AIRPORT, NY US",2022-03-05,6.71,0,0,38,45,31
USW00014732,"LAGUARDIA AIRPORT, NY US",2022-03-06,10.51,0.05,0,49,68,39
USW00014732,"LAGUARDIA AIRPORT, NY US",2022-03-07,13.87,0.05,0,65,74,50
USW00014732,"LAGUARDIA AIRPORT, NY US",2022-03-08,18.34,0,0,48,50,40
USW00014732,"LAGUARDIA AIRPORT, NY US",2022-03-09,9.84,0.58,0.6,38,41,33
USW00014732,"LAGUARDIA AIRPORT, NY US",2022-03-10,5.59,0,0,39,50,32
USW00014732,"LAGUARDIA AIRPORT, NY US",2022-03-11,6.93,0,0,45,53,36
USW00014732,"LAGUARDIA AIRPORT, NY US",2022-03-12,18.79,0.47,0.9,41,47,25
USW00014732,"LAGUARDIA AIRPORT, NY US",2022-03-13,16.33,0,0.1,28,35,23
USW00014732,"LAGUARDIA AIRPORT, NY US",2022-03-14,9.84,0,0,42,57,34
USW00014732,"LAGUARDIA AIRPORT, NY US",2022-03-15,9.17,0,0,53,68,46
USW00014732,"LAGUARDIA AIRPORT, NY US",2022-03-16,7.83,0,0,56,64,43
USW00014732,"LAGUARDIA AIRPORT, NY US",2022-03-17,9.17,0.11,0,47,55,42
USW00014732,"LAGUARDIA AIRPORT, NY US",2022-03-18,7.61,0,0,57,73,49
USW00014732,"LAGUARDIA AIRPORT, NY US",2022-03-19,7.38,0.07,0,56,68,46
USW00014732,"LAGUARDIA AIRPORT, NY US",2022-03-20,16.33,0,0,58,61,46
USW00014732,"LAGUARDIA AIRPORT, NY US",2022-03-21,14.32,0,0,51,62,44
USW00014732,"LAGUARDIA AIRPORT, NY US",2022-03-22,16.11,0,0,51,57,44
USW00014732,"LAGUARDIA AIRPORT, NY US",2022-03-23,11.63,0.11,0,45,47,39
USW00014732,"LAGUARDIA AIRPORT, NY US",2022-03-24,17,1.02,0,42,47,39
USW00014732,"LAGUARDIA AIRPORT, NY US",2022-03-25,10.74,0.03,0,49,60,44
USW00014732,"LAGUARDIA AIRPORT, NY US",2022-03-26,12.3,0.04,0,51,53,43
USW00014732,"LAGUARDIA AIRPORT, NY US",2022-03-27,18.34,0,0,43,45,30
USW00014732,"LAGUARDIA AIRPORT, NY US",2022-03-28,22.15,0,0,29,32,24
USW00014732,"LAGUARDIA AIRPORT, NY US",2022-03-29,19.01,0,0,30,37,25
USW00014732,"LAGUARDIA AIRPORT, NY US",2022-03-30,8.72,0,0,37,47,30
USW00014732,"LAGUARDIA AIRPORT, NY US",2022-03-31,10.74,0.05,0,50,64,42
USW00014732,"LAGUARDIA AIRPORT, NY US",2022-04-01,17,0.26,0,56,61,43
USW00014732,"LAGUARDIA AIRPORT, NY US",2022-04-02,13.65,0,0,45,55,39
USW00014732,"LAGUARDIA AIRPORT, NY US",2022-04-03,8.95,0.09,0,45,46,41
USW00014732,"LAGUARDIA AIRPORT, NY US",2022-04-04,12.08,0,0,46,54,40
USW00014732,"LAGUARDIA AIRPORT, NY US",2022-04-05,7.61,0.06,0,49,55,44
USW00014732,"LAGUARDIA AIRPORT, NY US",2022-04-06,15.43,0.36,0,47,53,44
USW00014732,"LAGUARDIA AIRPORT, NY US",2022-04-07,16.78,0.97,0,48,56,46
USW00014732,"LAGUARDIA AIRPORT, NY US",2022-04-08,10.51,0.04,0,55,64,50
USW00014732,"LAGUARDIA AIRPORT, NY US",2022-04-09,9.84,0.02,0,53,56,48
USW00014732,"LAGUARDIA AIRPORT, NY US",2022-04-10,17.67,0,0,47,49,43
USW00014732,"LAGUARDIA AIRPORT, NY US",2022-04-11,10.51,0,0,48,60,42
USW00014732,"LAGUARDIA AIRPORT, NY US",2022-04-12,7.38,0.04,0,56,71,50
USW00014732,"LAGUARDIA AIRPORT, NY US",2022-04-13,7.61,0,0,60,69,50
USW00014732,"LAGUARDIA AIRPORT, NY US",2022-04-14,10.96,0.11,0,61,71,55
USW00014732,"LAGUARDIA AIRPORT, NY US",2022-04-15,12.3,0,0,60,69,51
USW00014732,"LAGUARDIA AIRPORT, NY US",2022-04-16,12.53,0.14,0,60,70,45
USW00014732,"LAGUARDIA AIRPORT, NY US",2022-04-17,15.66,0,0,47,50,42
USW00014732,"LAGUARDIA AIRPORT, NY US",2022-04-18,12.75,0.92,0,46,53,41
USW00014732,"LAGUARDIA AIRPORT, NY US",2022-04-19,19.69,1.14,0,46,50,40
USW00014732,"LAGUARDIA AIRPORT, NY US",2022-04-20,12.3,0,0,49,60,43
USW00014732,"LAGUARDIA AIRPORT, NY US",2022-04-21,12.08,0,0,51,59,45
USW00014732,"LAGUARDIA AIRPORT, NY US",2022-04-22,10.74,0,0,58,68,52
USW00014732,"LAGUARDIA AIRPORT, NY US",2022-04-23,6.93,0,0,56,61,50
USW00014732,"LAGUARDIA AIRPORT, NY US",2022-04-24,9.17,0,0,55,60,48
USW00014732,"LAGUARDIA AIRPORT, NY US",2022-04-25,9.4,0,0,51,58,46
USW00014732,"LAGUARDIA AIRPORT, NY US",2022-04-26,8.5,0.05,0,53,60,50
USW00014732,"LAGUARDIA AIRPORT, NY US",2022-04-27,21.47,0,0,53,59,42
USW00014732,"LAGUARDIA AIRPORT, NY US",2022-04-28,20.8,0,0,47,56,41
USW00014732,"LAGUARDIA AIRPORT, NY US",2022-04-29,17.22,0,0,51,62,42
USW00014732,"LAGUARDIA AIRPORT, NY US",2022-04-30,8.05,0,0,55,67,47
USW00014732,"LAGUARDIA AIRPORT, NY US",2022-05-01,8.5,0,0,56,67,48
USW00014732,"LAGUARDIA AIRPORT, NY US",2022-05-02,9.62,0.35,0,54,57,50
USW00014732,"LAGUARDIA AIRPORT, NY US",2022-05-03,10.07,0,0,54,61,50
USW00014732,"LAGUARDIA AIRPORT, NY US",2022-05-04,6.04,0.12,0,54,67,50
USW00014732,"LAGUARDIA AIRPORT, NY US",2022-05-05,9.17,0,0,63,71,56
USW00014732,"LAGUARDIA AIRPORT, NY US",2022-05-06,8.5,0.74,0,59,62,50
USW00014732,"LAGUARDIA AIRPORT, NY US",2022-05-07,19.91,1.06,0,50,52,46
USW00014732,"LAGUARDIA AIRPORT, NY US",2022-05-08,17.9,0.02,0,51,59,46
USW00014732,"LAGUARDIA AIRPORT, NY US",2022-05-09,15.66,0,0,56,69,47
USW00014732,"LAGUARDIA AIRPORT, NY US",2022-05-10,14.32,0,0,60,71,53
USW00014732,"LAGUARDIA AIRPORT, NY US",2022-05-11,9.17,0,0,61,76,53
USW00014732,"LAGUARDIA AIRPORT, NY US",2022-05-12,9.4,0,0,63,72,57
USW00014732,"LAGUARDIA AIRPORT, NY US",2022-05-13,8.72,0,0,61,66,56
USW00014732,"LAGUARDIA AIRPORT, NY US",2022-05-14,6.49,0.28,0,64,74,58
USW00014732,"LAGUARDIA AIRPORT, NY US",2022-05-15,6.93,0.02,0,66,78,59
USW00014732,"LAGUARDIA AIRPORT, NY US",2022-05-16,10.29,0.47,0,69,75,62
USW00014732,"LAGUARDIA AIRPORT, NY US",2022-05-17,15.66,0,0,67,78,59
USW00014732,"LAGUARDIA AIRPORT, NY US",2022-05-18,10.96,0,0,64,73,57
USW00014732,"LAGUARDIA AIRPORT, NY US",2022-05-19,6.71,0.72,0,60,68,55
USW00014732,"LAGUARDIA AIRPORT, NY US",2022-05-20,8.28,0.44,0,60,68,54
USW00014732,"LAGUARDIA AIRPORT, NY US",2022-05-21,5.82,0,0,70,91,58
USW00014732,"LAGUARDIA AIRPORT, NY US",2022-05-22,8.5,0,0,82,92,71
USW00014732,"LAGUARDIA AIRPORT, NY US",2022-05-23,11.18,0,0,70,73,62
USW00014732,"LAGUARDIA AIRPORT, NY US",2022-05-24,11.41,0,0,63,65,58
USW00014732,"LAGUARDIA AIRPORT, NY US",2022-05-25,8.05,0,0,61,70,55
USW00014732,"LAGUARDIA AIRPORT, NY US",2022-05-26,10.07,0,0,62,70,55
USW00014732,"LAGUARDIA AIRPORT, NY US",2022-05-27,9.84,0.16,0,68,79,64
USW00014732,"LAGUARDIA AIRPORT, NY US",2022-05-28,7.83,0.27,0,69,77,63
USW00014732,"LAGUARDIA AIRPORT, NY US",2022-05-29,5.82,0,0,69,79,62
USW00014732,"LAGUARDIA AIRPORT, NY US",2022-05-30,8.05,0,0,74,86,65
USW00014732,"LAGUARDIA AIRPORT, NY US",2022-05-31,11.41,0,0,83,93,63
USW00014732,"LAGUARDIA AIRPORT, NY US",2022-06-01,11.41,0.84,0,64,67,59
USW00014732,"LAGUARDIA AIRPORT, NY US",2022-06-02,6.93,0.52,0,69,83,62
USW00014732,"LAGUARDIA AIRPORT, NY US",2022-06-03,8.5,0,0,67,75,61
USW00014732,"LAGUARDIA AIRPORT, NY US",2022-06-04,6.71,0,0,71,81,63
USW00014732,"LAGUARDIA AIRPORT, NY US",2022-06-05,7.16,0,0,68,76,60
USW00014732,"LAGUARDIA AIRPORT, NY US",2022-06-06,6.71,0,0,72,81,64
USW00014732,"LAGUARDIA AIRPORT, NY US",2022-06-07,15.43,0.05,0,71,78,65
USW00014732,"LAGUARDIA AIRPORT, NY US",2022-06-08,9.17,0,0,75,85,67
USW00014732,"LAGUARDIA AIRPORT, NY US",2022-06-09,14.54,0.7,0,76,85,66
USW00014732,"LAGUARDIA AIRPORT, NY US",2022-06-10,9.84,0,0,71,80,64
USW00014732,"LAGUARDIA AIRPORT, NY US",2022-06-11,7.83,0.23,0,71,75,65
USW00014732,"LAGUARDIA AIRPORT, NY US",2022-06-12,9.4,0.08,0,69,73,64
USW00014732,"LAGUARDIA AIRPORT, NY US",2022-06-13,5.37,0,0,76,86,69
USW00014732,"LAGUARDIA AIRPORT, NY US",2022-06-14,6.49,0,0,75,83,67
USW00014732,"LAGUARDIA AIRPORT, NY US",2022-06-15,9.84,0,0,74,81,67
USW00014732,"LAGUARDIA AIRPORT, NY US",2022-06-16,12.3,0.28,0,69,73,63
USW00014732,"LAGUARDIA AIRPORT, NY US",2022-06-17,12.53,0,0,77,92,70
USW00014732,"LAGUARDIA AIRPORT, NY US",2022-06-18,18.79,0,0,71,77,59
USW00014732,"LAGUARDIA AIRPORT, NY US",2022-06-19,16.11,0,0,63,74,56
USW00014732,"LAGUARDIA AIRPORT, NY US",2022-06-20,8.95,0,0,69,79,61
USW00014732,"LAGUARDIA AIRPORT, NY US",2022-06-21,6.04,0.09,0,72,77,64
USW00014732,"LAGUARDIA AIRPORT, NY US",2022-06-22,10.29,0.1,0,66,68,62
USW00014732,"LAGUARDIA AIRPORT, NY US",2022-06-23,8.5,0,0,67,75,60
USW00014732,"LAGUARDIA AIRPORT, NY US",2022-06-24,5.59,0,0,71,83,64
USW00014732,"LAGUARDIA AIRPORT, NY US",2022-06-25,7.16,0,0,78,90,69
USW00014732,"LAGUARDIA AIRPORT, NY US",2022-06-26,8.95,0,0,81,91,71
USW00014732,"LAGUARDIA AIRPORT, NY US",2022-06-27,8.95,0.48,0,76,79,69
USW00014732,"LAGUARDIA AIRPORT, NY US",2022-06-28,7.83,0,0,72,79,68
USW00014732,"LAGUARDIA AIRPORT, NY US",2022-06-29,7.16,0,0,75,86,66
USW00014732,"LAGUARDIA AIRPORT, NY US",2022-06-30,7.61,0,0,78,88,71
USW00014732,"LAGUARDIA AIRPORT, NY US",2022-07-01,10.51,0,0,83,95,75
USW00014732,"LAGUARDIA AIRPORT, NY US",2022-07-02,8.95,0,0,84,91,77
USW00014732,"LAGUARDIA AIRPORT, NY US",2022-07-03,8.28,0,0,80,88,74
USW00014732,"LAGUARDIA AIRPORT, NY US",2022-07-04,6.26,0,0,78,87,68
USW00014732,"LAGUARDIA AIRPORT, NY US",2022-07-05,12.3,0.08,0,79,88,73
USW00014732,"LAGUARDIA AIRPORT, NY US",2022-07-06,10.29,0,0,79,86,73
USW00014732,"LAGUARDIA AIRPORT, NY US",2022-07-07,10.51,0,0,76,82,70
USW00014732,"LAGUARDIA AIRPORT, NY US",2022-07-08,6.71,0.29,0,74,86,68
USW00014732,"LAGUARDIA AIRPORT, NY US",2022-07-09,6.93,0,0,76,84,72
USW00014732,"LAGUARDIA AIRPORT, NY US",2022-07-10,10.51,0,0,74,82,68
USW00014732,"LAGUARDIA AIRPORT, NY US",2022-07-11,11.63,0,0,75,84,69
USW00014732,"LAGUARDIA AIRPORT, NY US",2022-07-12,12.3,0,0,78,91,71
USW00014732,"LAGUARDIA AIRPORT, NY US",2022-07-13,7.83,0,0,84,92,75
USW00014732,"LAGUARDIA AIRPORT, NY US",2022-07-14,7.61,0,0,80,90,72
USW00014732,"LAGUARDIA AIRPORT, NY US",2022-07-15,8.72,0,0,79,86,72
USW00014732,"LAGUARDIA AIRPORT, NY US",2022-07-16,7.83,0.55,0,76,84,69
USW00014732,"LAGUARDIA AIRPORT, NY US",2022-07-17,7.16,0,0,78,84,73
USW00014732,"LAGUARDIA AIRPORT, NY US",2022-07-18,10.29,0.34,0,79,88,73
USW00014732,"LAGUARDIA AIRPORT, NY US",2022-07-19,12.53,0,0,83,93,75
USW00014732,"LAGUARDIA AIRPORT, NY US",2022-07-20,8.28,0,0,88,97,80
USW00014732,"LAGUARDIA AIRPORT, NY US",2022-07-21,10.51,0.57,0,86,97,74
USW00014732,"LAGUARDIA AIRPORT, NY US",2022-07-22,7.83,0,0,88,96,79
USW00014732,"LAGUARDIA AIRPORT, NY US",2022-07-23,7.83,0,0,87,97,79
USW00014732,"LAGUARDIA AIRPORT, NY US",2022-07-24,10.96,0,0,88,98,82
USW00014732,"LAGUARDIA AIRPORT, NY US",2022-07-25,10.51,0.76,0,86,89,74
USW00014732,"LAGUARDIA AIRPORT, NY US",2022-07-26,7.61,0,0,79,82,72
USW00014732,"LAGUARDIA AIRPORT, NY US",2022-07-27,8.05,0,0,78,86,70
USW00014732,"LAGUARDIA AIRPORT, NY US",2022-07-28,9.62,0.08,0,80,88,75
USW00014732,"LAGUARDIA AIRPORT, NY US",2022-07-29,7.83,0.02,0,83,87,75
USW00014732,"LAGUARDIA AIRPORT, NY US",2022-07-30,10.51,0,0,80,88,74
USW00014732,"LAGUARDIA AIRPORT, NY US",2022-07-31,7.61,0,0,79,87,72
USW00014732,"LAGUARDIA AIRPORT, NY US",2022-08-01,6.93,0.41,0,74,79,68
USW00014732,"LAGUARDIA AIRPORT, NY US",2022-08-02,8.05,0,0,80,93,71
USW00014732,"LAGUARDIA AIRPORT, NY US",2022-08-03,8.72,0,0,82,92,74
USW00014732,"LAGUARDIA AIRPORT, NY US",2022-08-04,9.4,0,0,84,94,79
USW00014732,"LAGUARDIA AIRPORT, NY US",2022-08-05,8.05,0,0,85,94,80
USW00014732,"LAGUARDIA AIRPORT, NY US",2022-08-06,9.4,0,0,85,94,79
USW00014732,"LAGUARDIA AIRPORT, NY US",2022-08-07,10.74,0.61,0,85,93,77
USW00014732,"LAGUARDIA AIRPORT, NY US",2022-08-08,12.3,0,0,87,94,80
USW00014732,"LAGUARDIA AIRPORT, NY US",2022-08-09,8.95,0.05,0,88,98,80
USW00014732,"LAGUARDIA AIRPORT, NY US",2022-08-10,8.5,0,0,81,86,75
USW00014732,"LAGUARDIA AIRPORT, NY US",2022-08-11,7.38,0.13,0,80,91,74
USW00014732,"LAGUARDIA AIRPORT, NY US",2022-08-12,11.18,0,0,78,85,72
USW00014732,"LAGUARDIA AIRPORT, NY US",2022-08-13,8.95,0,0,74,80,66
USW00014732,"LAGUARDIA AIRPORT, NY US",2022-08-14,8.72,0,0,75,83,70
USW00014732,"LAGUARDIA AIRPORT, NY US",2022-08-15,6.49,0,0,76,83,71
USW00014732,"LAGUARDIA AIRPORT, NY US",2022-08-16,8.5,0,0,74,84,67
USW00014732,"LAGUARDIA AIRPORT, NY US",2022-08-17,6.71,0.31,0,74,82,68
USW00014732,"LAGUARDIA AIRPORT, NY US",2022-08-18,7.61,0,0,75,88,68
USW00014732,"LAGUARDIA AIRPORT, NY US",2022-08-19,8.05,0,0,79,90,73
USW00014732,"LAGUARDIA AIRPORT, NY US",2022-08-20,7.16,0,0,82,91,76
USW00014732,"LAGUARDIA AIRPORT, NY US",2022-08-21,8.72,0,0,78,83,73
USW00014732,"LAGUARDIA AIRPORT, NY US",2022-08-22,7.61,0.24,0,76,81,73
USW00014732,"LAGUARDIA AIRPORT, NY US",2022-08-23,8.72,0,0,79,88,73
USW00014732,"LAGUARDIA AIRPORT, NY US",2022-08-24,8.95,0,0,80,90,74
USW00014732,"LAGUARDIA AIRPORT, NY US",2022-08-25,7.38,0,0,83,91,75
USW00014732,"LAGUARDIA AIRPORT, NY US",2022-08-26,8.95,0.28,0,81,88,78
USW00014732,"LAGUARDIA AIRPORT, NY US",2022-08-27,6.71,0,0,82,88,75
USW00014732,"LAGUARDIA AIRPORT, NY US",2022-08-28,10.51,0,0,76,80,73
USW00014732,"LAGUARDIA AIRPORT, NY US",2022-08-29,10.29,0,0,79,87,75
USW00014732,"LAGUARDIA AIRPORT, NY US",2022-08-30,11.41,0.04,0,80,89,75
USW00014732,"LAGUARDIA AIRPORT, NY US",2022-08-31,11.86,0,0,78,85,72
USW00014732,"LAGUARDIA AIRPORT, NY US",2022-09-01,12.97,0,0,79,86,69
USW00014732,"LAGUARDIA AIRPORT, NY US",2022-09-02,9.84,0,0,71,78,63
USW00014732,"LAGUARDIA AIRPORT, NY US",2022-09-03,6.93,0,0,73,82,68
USW00014732,"LAGUARDIA AIRPORT, NY US",2022-09-04,6.71,0,0,78,89,73
USW00014732,"LAGUARDIA AIRPORT, NY US",2022-09-05,8.72,0.01,0,78,87,74
USW00014732,"LAGUARDIA AIRPORT, NY US",2022-09-06,8.5,1.16,0,74,76,68
USW00014732,"LAGUARDIA AIRPORT, NY US",2022-09-07,13.42,0,0,69,74,67
USW00014732,"LAGUARDIA AIRPORT, NY US",2022-09-08,7.83,0,0,71,78,65
USW00014732,"LAGUARDIA AIRPORT, NY US",2022-09-09,8.95,0,0,71,81,64
USW00014732,"LAGUARDIA AIRPORT, NY US",2022-09-10,6.04,0,0,74,86,68
USW00014732,"LAGUARDIA AIRPORT, NY US",2022-09-11,5.82,0.27,0,74,77,67
USW00014732,"LAGUARDIA AIRPORT, NY US",2022-09-12,6.71,0.93,0,72,82,69
USW00014732,"LAGUARDIA AIRPORT, NY US",2022-09-13,9.62,1.69,0,76,84,68
USW00014732,"LAGUARDIA AIRPORT, NY US",2022-09-14,11.63,0,0,73,80,65
USW00014732,"LAGUARDIA AIRPORT, NY US",2022-09-15,10.74,0,0,71,74,65
USW00014732,"LAGUARDIA AIRPORT, NY US",2022-09-16,5.82,0,0,67,77,59
USW00014732,"LAGUARDIA AIRPORT, NY US",2022-09-17,9.4,0,0,69,74,65
USW00014732,"LAGUARDIA AIRPORT, NY US",2022-09-18,11.18,0,0,74,85,68
USW00014732,"LAGUARDIA AIRPORT, NY US",2022-09-19,9.62,0.07,0,78,86,71
USW00014732,"LAGUARDIA AIRPORT, NY US",2022-09-20,11.63,0,0,74,79,69
USW00014732,"LAGUARDIA AIRPORT, NY US",2022-09-21,7.38,0,0,72,81,65
USW00014732,"LAGUARDIA AIRPORT, NY US",2022-09-22,13.87,0.17,0,71,78,58
USW00014732,"LAGUARDIA AIRPORT, NY US",2022-09-23,19.69,0,0,59,64,52
USW00014732,"LAGUARDIA AIRPORT, NY US",2022-09-24,9.62,0,0,58,71,51
USW00014732,"LAGUARDIA AIRPORT, NY US",2022-09-25,9.62,0.78,0,67,77,61
USW00014732,"LAGUARDIA AIRPORT, NY US",2022-09-26,10.96,0,0,67,78,60
USW00014732,"LAGUARDIA AIRPORT, NY US",2022-09-27,9.62,0,0,67,71,62
USW00014732,"LAGUARDIA AIRPORT, NY US",2022-09-28,10.07,0,0,63,70,55
USW00014732,"LAGUARDIA AIRPORT, NY US",2022-09-29,11.41,0,0,62,67,56
USW00014732,"LAGUARDIA AIRPORT, NY US",2022-09-30,12.53,0,0,58,64,53
USW00014732,"LAGUARDIA AIRPORT, NY US",2022-10-01,17.45,0.66,0,59,63,53
USW00014732,"LAGUARDIA AIRPORT, NY US",2022-10-02,22.82,0.07,0,59,62,53
USW00014732,"LAGUARDIA AIRPORT, NY US",2022-10-03,18.79,0.45,0,53,55,49
USW00014732,"LAGUARDIA AIRPORT, NY US",2022-10-04,15.66,1.77,0,51,59,46
USW00014732,"LAGUARDIA AIRPORT, NY US",2022-10-05,10.74,0.42,0,57,59,54
USW00014732,"LAGUARDIA AIRPORT, NY US",2022-10-06,3.8,0,0,64,76,57
USW00014732,"LAGUARDIA AIRPORT, NY US",2022-10-07,8.72,0,0,69,78,59
USW00014732,"LAGUARDIA AIRPORT, NY US",2022-10-08,10.74,0.02,0,57,59,50
USW00014732,"LAGUARDIA AIRPORT, NY US",2022-10-09,7.83,0,0,54,64,46
USW00014732,"LAGUARDIA AIRPORT, NY US",2022-10-10,7.38,0,0,60,69,53
USW00014732,"LAGUARDIA AIRPORT, NY US",2022-10-11,5.59,0,0,63,72,54
USW00014732,"LAGUARDIA AIRPORT, NY US",2022-10-12,7.83,0,0,64,70,58
USW00014732,"LAGUARDIA AIRPORT, NY US",2022-10-13,12.3,0.78,0,66,71,55
USW00014732,"LAGUARDIA AIRPORT, NY US",2022-10-14,8.28,0.2,0,60,69,53
USW00014732,"LAGUARDIA AIRPORT, NY US",2022-10-15,8.05,0,0,61,69,53
USW00014732,"LAGUARDIA AIRPORT, NY US",2022-10-16,4.25,0,0,61,67,54
USW00014732,"LAGUARDIA AIRPORT, NY US",2022-10-17,7.61,0.13,0,62,68,57
USW00014732,"LAGUARDIA AIRPORT, NY US",2022-10-18,10.96,0,0,55,58,49
USW00014732,"LAGUARDIA AIRPORT, NY US",2022-10-19,11.18,0,0,50,55,44
USW00014732,"LAGUARDIA AIRPORT, NY US",2022-10-20,12.3,0,0,52,60,45
USW00014732,"LAGUARDIA AIRPORT, NY US",2022-10-21,5.37,0,0,56,64,49
USW00014732,"LAGUARDIA AIRPORT, NY US",2022-10-22,4.47,0,0,58,67,50
USW00014732,"LAGUARDIA AIRPORT, NY US",2022-10-23,13.42,0,0,58,62,56
USW00014732,"LAGUARDIA AIRPORT, NY US",2022-10-24,13.2,0.46,0,57,62,55
USW00014732,"LAGUARDIA AIRPORT, NY US",2022-10-25,7.38,0.01,0,62,67,61
USW00014732,"LAGUARDIA AIRPORT, NY US",2022-10-26,6.49,0,0,65,74,62
USW00014732,"LAGUARDIA AIRPORT, NY US",2022-10-27,13.87,0,0,62,65,52
USW00014732,"LAGUARDIA AIRPORT, NY US",2022-10-28,10.51,0,0,52,58,46
USW00014732,"LAGUARDIA AIRPORT, NY US",2022-10-29,5.82,0,0,51,59,45
USW00014732,"LAGUARDIA AIRPORT, NY US",2022-10-30,3.8,0,0,54,64,47
USW00014732,"LAGUARDIA AIRPORT, NY US",2022-10-31,6.04,0.07,0,58,66,52
USW00014732,"LAGUARDIA AIRPORT, NY US",2022-11-01,8.72,0.16,0,62,67,59
USW00014732,"LAGUARDIA AIRPORT, NY US",2022-11-02,6.04,0,0,64,71,57
USW00014732,"LAGUARDIA AIRPORT, NY US",2022-11-03,5.14,0,0,60,68,53
USW00014732,"LAGUARDIA AIRPORT, NY US",2022-11-04,6.04,0,0,59,72,52
USW00014732,"LAGUARDIA AIRPORT, NY US",2022-11-05,10.51,0,0,67,75,63
USW00014732,"LAGUARDIA AIRPORT, NY US",2022-11-06,7.83,0.01,0,68,75,63
USW00014732,"LAGUARDIA AIRPORT, NY US",2022-11-07,12.97,0.02,0,70,78,56
USW00014732,"LAGUARDIA AIRPORT, NY US",2022-11-08,13.65,0,0,56,58,47
USW00014732,"LAGUARDIA AIRPORT, NY US",2022-11-09,7.38,0,0,48,54,41
USW00014732,"LAGUARDIA AIRPORT, NY US",2022-11-10,5.82,0,0,55,67,48
USW00014732,"LAGUARDIA AIRPORT, NY US",2022-11-11,9.4,1.23,0,62,69,57
USW00014732,"LAGUARDIA AIRPORT, NY US",2022-11-12,12.3,0.09,0,67,69,61
USW00014732,"LAGUARDIA AIRPORT, NY US",2022-11-13,15.43,0.02,0,55,62,43
USW00014732,"LAGUARDIA AIRPORT, NY US",2022-11-14,13.2,0,0,43,46,38
USW00014732,"LAGUARDIA AIRPORT, NY US",2022-11-15,12.53,0.49,0,41,48,36
USW00014732,"LAGUARDIA AIRPORT, NY US",2022-11-16,17,0.2,0,45,51,39
USW00014732,"LAGUARDIA AIRPORT, NY US",2022-11-17,15.66,0,0,42,47,39
USW00014732,"LAGUARDIA AIRPORT, NY US",2022-11-18,16.11,0,0,40,44,36
USW00014732,"LAGUARDIA AIRPORT, NY US",2022-11-19,11.18,0,0,37,41,32
USW00014732,"LAGUARDIA AIRPORT, NY US",2022-11-20,18.34,0,0,37,40,31
USW00014732,"LAGUARDIA AIRPORT, NY US",2022-11-21,11.41,0,0,34,42,29
USW00014732,"LAGUARDIA AIRPORT, NY US",2022-11-22,8.95,0,0,44,51,39
USW00014732,"LAGUARDIA AIRPORT, NY US",2022-11-23,7.61,0,0,49,55,43
USW00014732,"LAGUARDIA AIRPORT, NY US",2022-11-24,6.26,0,0,47,53,41
USW00014732,"LAGUARDIA AIRPORT, NY US",2022-11-25,13.42,0,0,50,56,47
USW00014732,"LAGUARDIA AIRPORT, NY US",2022-11-26,13.2,0,0,49,57,44
USW00014732,"LAGUARDIA AIRPORT, NY US",2022-11-27,10.74,0.54,0,51,61,49
USW00014732,"LAGUARDIA AIRPORT, NY US",2022-11-28,16.11,0,0,54,56,42
USW00014732,"LAGUARDIA AIRPORT, NY US",2022-11-29,6.04,0,0,42,44,38
USW00014732,"LAGUARDIA AIRPORT, NY US",2022-11-30,14.54,0.43,0,47,59,39
USW00014732,"LAGUARDIA AIRPORT, NY US",2022-12-01,17,0,0,42,44,36
USW00014732,"LAGUARDIA AIRPORT, NY US",2022-12-02,6.71,0,0,38,45,34
USW00014732,"LAGUARDIA AIRPORT, NY US",2022-12-03,12.97,0.41,0,51,59,45
USW00014732,"LAGUARDIA AIRPORT, NY US",2022-12-04,9.62,0,0,45,46,39
USW00014732,"LAGUARDIA AIRPORT, NY US",2022-12-05,5.37,0,0,42,47,36
USW00014732,"LAGUARDIA AIRPORT, NY US",2022-12-06,10.29,0.78,0,49,60,41
USW00014732,"LAGUARDIA AIRPORT, NY US",2022-12-07,8.5,0.36,0,57,59,55
USW00014732,"LAGUARDIA AIRPORT, NY US",2022-12-08,11.63,0,0,53,56,42
USW00014732,"LAGUARDIA AIRPORT, NY US",2022-12-09,11.18,0,0,42,45,36
USW00014732,"LAGUARDIA AIRPORT, NY US",2022-12-10,10.51,0,0,36,39,31
USW00014732,"LAGUARDIA AIRPORT, NY US",2022-12-11,12.75,0.25,0.1,38,41,33
USW00014732,"LAGUARDIA AIRPORT, NY US",2022-12-12,11.63,0,0.3,35,38,30
USW00014732,"LAGUARDIA AIRPORT, NY US",2022-12-13,11.41,0,0,33,41,27
USW00014732,"LAGUARDIA AIRPORT, NY US",2022-12-14,13.42,0,0,35,40,32
USW00014732,"LAGUARDIA AIRPORT, NY US",2022-12-15,14.09,0.59,0,37,44,33
USW00014732,"LAGUARDIA AIRPORT, NY US",2022-12-16,20.36,0.54,0,43,47,39
USW00014732,"LAGUARDIA AIRPORT, NY US",2022-12-17,14.99,0,0,41,45,37
USW00014732,"LAGUARDIA AIRPORT, NY US",2022-12-18,14.09,0,0,38,40,34
USW00014732,"LAGUARDIA AIRPORT, NY US",2022-12-19,16.11,0,0,35,39,32
USW00014732,"LAGUARDIA AIRPORT, NY US",2022-12-20,11.63,0,0,35,40,32
USW00014732,"LAGUARDIA AIRPORT, NY US",2022-12-21,4.7,0,0,34,41,29
USW00014732,"LAGUARDIA AIRPORT, NY US",2022-12-22,13.42,0.21,0,39,47,34
USW00014732,"LAGUARDIA AIRPORT, NY US",2022-12-23,24.38,0.95,0,45,59,9
USW00014732,"LAGUARDIA AIRPORT, NY US",2022-12-24,19.69,0,0,11,16,7
USW00014732,"LAGUARDIA AIRPORT, NY US",2022-12-25,16.55,0,0,20,28,15
USW00014732,"LAGUARDIA AIRPORT, NY US",2022-12-26,11.86,0,0,24,30,19
USW00014732,"LAGUARDIA AIRPORT, NY US",2022-12-27,9.84,0,0,31,35,29
USW00014732,"LAGUARDIA AIRPORT, NY US",2022-12-28,7.61,0,0,38,47,33
USW00014732,"LAGUARDIA AIRPORT, NY US",2022-12-29,,0,0,44,51,38
USW00014732,"LAGUARDIA AIRPORT, NY US",2022-12-30,5.59,0,,49,60,38
USW00014732,"LAGUARDIA AIRPORT, NY US",2022-12-31,4.7,0.31,0,47,55,42
